"","time_depart_standard","flight_hour","airline_US","airline_outside","price","rough_estimated_duration","stops","destination","date"
"1","16:16",16,"American","Iberia",845,13,"2","Lyon","Friday 13"
"2","14:05",14,"United","Lufthansa",851,13,"2","Lyon","Friday 13"
"3","16:00",16,"Air CanadaLufthansa","Air CanadaLufthansa",952,13,"2","Lyon","Friday 13"
"4","06:00",6,"United","Air Canada",832,23,"2","Lyon","Friday 13"
"5","10:15",10,"United","Air Canada",832,18,"2","Lyon","Friday 13"
"6","10:15",10,"United","Air Canada",832,18,"2","Lyon","Friday 13"
"7","11:15",11,"American","British Airways",833,19,"2","Lyon","Friday 13"
"8","13:31",13,"American","British Airways",833,17,"2","Lyon","Friday 13"
"9","21:35",21,"British Airways","British Airways",843,30,"1","Lyon","Friday 13"
"10","11:25",11,"United","Lufthansa",851,16,"2","Lyon","Friday 13"
"11","16:00",16,"Air Canada","Air DolomitiLufthansa",852,16,"2","Lyon","Friday 13"
"12","16:00",16,"Air Canada","Air DolomitiLufthansa",852,14,"2","Lyon","Friday 13"
"13","14:05",14,"United","Austrian",857,16,"2","Lyon","Friday 13"
"14","11:25",11,"United","Brussels Airlines",857,17,"2","Lyon","Friday 13"
"15","14:05",14,"United","Brussels Airlines",857,15,"2","Lyon","Friday 13"
"16","21:35",21,"British Airways","Iberia",871,16,"2","Lyon","Friday 13"
"17","15:25",15,"Delta","Air France",948,19,"2","Lyon","Friday 13"
"18","19:30",19,"Delta","Air France",948,15,"2","Lyon","Friday 13"
"19","19:30",19,"Delta","Air France",948,16,"2","Lyon","Friday 13"
"20","16:00",16,"Air Canada","Tap Air Portugal",953,19,"2","Lyon","Friday 13"
"21","15:25",15,"Delta","KLM",954,16,"2","Lyon","Friday 13"
"22","16:45",16,"Delta","KLM",954,14,"2","Lyon","Friday 13"
"23","16:45",16,"Delta","Air France",954,17,"2","Lyon","Friday 13"
"24","14:05",14,"United","Air Canada",977,15,"2","Lyon","Friday 13"
"25","11:15",11,"American","Iberia",990,18,"2","Lyon","Friday 13"
"26","14:30",14,"American","IberiaFinnair",990,15,"2","Lyon","Friday 13"
"27","10:15",10,"United","Lufthansa",996,17,"2","Lyon","Friday 13"
"28","10:15",10,"United","Lufthansa",996,17,"2","Lyon","Friday 13"
"29","11:25",11,"United","Lufthansa",996,16,"2","Lyon","Friday 13"
"30","14:05",14,"United","Air Dolomiti",996,18,"2","Lyon","Friday 13"
"31","16:20",16,"United","Air DolomitiLufthansa",996,15,"2","Lyon","Friday 13"
"32","18:25",18,"United","Air DolomitiLufthansa",996,13,"2","Lyon","Friday 13"
"33","19:50",19,"United","Air DolomitiLufthansa",996,12,"2","Lyon","Friday 13"
"34","14:05",14,"United","Air DolomitiLufthansa",996,16,"2","Lyon","Friday 13"
"35","16:20",16,"United","Brussels Airlines",1002,12,"2","Lyon","Friday 13"
"36","15:25",15,"Delta","Air France",1048,19,"2","Lyon","Friday 13"
"37","13:54",13,"Delta","KLM",1054,17,"2","Lyon","Friday 13"
"38","15:25",15,"Delta","Air France",1054,18,"2","Lyon","Friday 13"
"39","19:30",19,"Delta","Air France",1054,14,"2","Lyon","Friday 13"
"40","19:50",19,"United","Tap Air Portugal",1097,15,"2","Lyon","Friday 13"
"41","16:16",16,"American","Air France",1114,18,"2","Lyon","Friday 13"
"42","11:25",11,"United","Air Canada",1351,17,"2","Lyon","Friday 13"
"43","14:52",14,"United","Lufthansa",1371,13,"2","Lyon","Friday 13"
"44","14:52",14,"United","Air DolomitiLufthansa",1371,17,"2","Lyon","Friday 13"
"45","14:52",14,"United","Air DolomitiLufthansa",1371,15,"2","Lyon","Friday 13"
"46","11:25",11,"United","Austrian",1377,18,"2","Lyon","Friday 13"
"47","14:52",14,"United","Brussels Airlines",1377,14,"2","Lyon","Friday 13"
"48","14:52",14,"United","Brussels Airlines",1692,44,"2","Lyon","Friday 13"
"49","16:16",16,"American","Aer Lingus",1936,15,"2","Lyon","Friday 13"
"50","21:35",21,"British AirwaysIberia","American",1946,13,"1","Lyon","Friday 13"
"51","15:38",15,"American","British Airways",1950,15,"2","Lyon","Friday 13"
"52","17:04",17,"American","British Airways",1950,17,"2","Lyon","Friday 13"
"53","13:31",13,"American","Aer Lingus",2167,18,"2","Lyon","Friday 13"
"54","13:31",13,"American","Aer Lingus",2167,18,"2","Lyon","Friday 13"
"55","16:22",16,"American","Aer Lingus",2167,15,"2","Lyon","Friday 13"
"56","16:22",16,"American","Aer Lingus",2167,15,"2","Lyon","Friday 13"
"57","17:26",17,"American","Aer Lingus",2167,14,"2","Lyon","Friday 13"
"58","06:00",6,"United","Air Canada",2372,23,"2","Lyon","Friday 13"
"59","06:00",6,"United","Air Canada",2372,23,"2","Lyon","Friday 13"
"60","11:08",11,"American","Iberia",3025,18,"2","Lyon","Friday 13"
"61","16:16",16,"American","British Airways",3029,18,"2","Lyon","Friday 13"
"62","16:22",16,"American","British Airways",3029,14,"2","Lyon","Friday 13"
"63","16:22",16,"American","British Airways",3029,18,"2","Lyon","Friday 13"
"64","16:22",16,"American","British Airways",3029,18,"2","Lyon","Friday 13"
"65","18:25",18,"United","Air Canada",3127,34,"2","Lyon","Friday 13"
"66","14:52",14,"United","Austrian",3152,15,"2","Lyon","Friday 13"
"67","18:25",18,"United","Air Canada",3165,34,"2","Lyon","Friday 13"
"68","18:25",18,"United","Air Canada",3165,34,"2","Lyon","Friday 13"
"69","13:31",13,"American","Iberia",3225,16,"2","Lyon","Friday 13"
"70","07:45",7,"American","Iberia",3239,22,"2","Lyon","Friday 13"
"71","13:31",13,"American","Iberia",3246,24,"2","Lyon","Friday 13"
"72","18:03",18,"Delta","KLM",3533,13,"2","Lyon","Friday 13"
"73","11:25",11,"United","Air Canada",4727,17,"2","Lyon","Friday 13"
"74","14:52",14,"United","Air Canada",4727,14,"2","Lyon","Friday 13"
"75","13:31",13,"American","Austrian",5077,16,"2","Lyon","Friday 13"
"76","14:30",14,"American","Austrian",5302,15,"2","Lyon","Friday 13"
"77","11:56",11,"Delta","KLM",7867,19,"2","Lyon","Friday 13"
"78","14:30",14,"Delta","KLM",7867,16,"2","Lyon","Friday 13"
"79","21:35",21,"British AirwaysAmerican","Finnair",829,11,"1","Berlin","Friday 13"
"80","11:25",11,"United","United",833,14,"2","Berlin","Friday 13"
"81","14:30",14,"American","Aer Lingus",936,13,"2","Berlin","Friday 13"
"82","06:00",6,"United","Lufthansa",813,26,"5","Berlin","Friday 13"
"83","06:00",6,"United","Lufthansa",813,28,"5","Berlin","Friday 13"
"84","06:00",6,"United","Lufthansa",813,30,"5","Berlin","Friday 13"
"85","07:00",7,"United","Lufthansa",813,23,"5","Berlin","Friday 13"
"86","07:00",7,"United","Lufthansa",813,25,"5","Berlin","Friday 13"
"87","07:00",7,"United","Lufthansa",813,27,"5","Berlin","Friday 13"
"88","07:00",7,"United","Lufthansa",813,27,"5","Berlin","Friday 13"
"89","07:00",7,"United","Lufthansa",813,29,"5","Berlin","Friday 13"
"90","07:00",7,"United","Lufthansa",813,29,"5","Berlin","Friday 13"
"91","07:00",7,"United","Lufthansa",813,31,"5","Berlin","Friday 13"
"92","07:00",7,"United","Lufthansa",813,31,"5","Berlin","Friday 13"
"93","11:25",11,"United","Lufthansa",813,19,"5","Berlin","Friday 13"
"94","11:25",11,"United","Lufthansa",813,21,"5","Berlin","Friday 13"
"95","11:25",11,"United","Lufthansa",813,23,"5","Berlin","Friday 13"
"96","11:25",11,"United","Lufthansa",813,25,"5","Berlin","Friday 13"
"97","11:25",11,"United","Lufthansa",813,27,"5","Berlin","Friday 13"
"98","11:25",11,"United","Lufthansa",813,31,"5","Berlin","Friday 13"
"99","14:05",14,"United","Lufthansa",813,20,"5","Berlin","Friday 13"
"100","14:05",14,"United","Lufthansa",813,22,"5","Berlin","Friday 13"
"101","14:05",14,"United","Lufthansa",813,24,"5","Berlin","Friday 13"
"102","14:05",14,"United","Lufthansa",813,28,"5","Berlin","Friday 13"
"103","18:25",18,"United","Lufthansa",813,18,"5","Berlin","Friday 13"
"104","18:25",18,"United","Lufthansa",813,20,"5","Berlin","Friday 13"
"105","18:25",18,"United","Lufthansa",813,24,"5","Berlin","Friday 13"
"106","06:00",6,"United","Lufthansa",828,30,"5","Berlin","Friday 13"
"107","21:35",21,"British AirwaysAmerican","Finnair",829,13,"1","Berlin","Friday 13"
"108","21:35",21,"British AirwaysAmerican","Finnair",829,15,"1","Berlin","Friday 13"
"109","21:35",21,"British AirwaysAmerican","Finnair",829,18,"1","Berlin","Friday 13"
"110","06:00",6,"United","United",833,19,"2","Berlin","Friday 13"
"111","07:00",7,"United","United",833,18,"2","Berlin","Friday 13"
"112","07:00",7,"United","United",833,18,"2","Berlin","Friday 13"
"113","11:15",11,"American","British Airways",834,17,"2","Berlin","Friday 13"
"114","15:38",15,"American","British Airways",834,17,"2","Berlin","Friday 13"
"115","15:38",15,"American","British Airways",834,17,"2","Berlin","Friday 13"
"116","16:16",16,"American","British Airways",834,17,"2","Berlin","Friday 13"
"117","16:16",16,"American","British Airways",834,18,"2","Berlin","Friday 13"
"118","16:22",16,"American","British Airways",834,17,"2","Berlin","Friday 13"
"119","16:22",16,"American","British Airways",834,18,"2","Berlin","Friday 13"
"120","17:04",17,"American","British Airways",834,16,"2","Berlin","Friday 13"
"121","17:04",17,"American","British Airways",834,17,"2","Berlin","Friday 13"
"122","17:04",17,"American","British Airways",834,17,"2","Berlin","Friday 13"
"123","06:00",6,"United","United",838,19,"2","Berlin","Friday 13"
"124","07:00",7,"United","United",838,18,"2","Berlin","Friday 13"
"125","07:00",7,"United","United",838,18,"2","Berlin","Friday 13"
"126","11:25",11,"United","Lufthansa",851,15,"2","Berlin","Friday 13"
"127","11:25",11,"United","Lufthansa",851,16,"2","Berlin","Friday 13"
"128","11:25",11,"United","Lufthansa",851,17,"2","Berlin","Friday 13"
"129","16:00",16,"Air Canada","SWISS",852,16,"2","Berlin","Friday 13"
"130","16:00",16,"Air Canada","SWISS",852,16,"2","Berlin","Friday 13"
"131","16:00",16,"Air Canada","LufthansaUnited",852,15,"2","Berlin","Friday 13"
"132","16:00",16,"Air Canada","LufthansaUnited",852,16,"2","Berlin","Friday 13"
"133","16:00",16,"Air Canada","Lufthansa",853,16,"2","Berlin","Friday 13"
"134","19:30",19,"Delta","KLM",855,14,"2","Berlin","Friday 13"
"135","19:30",19,"Delta","KLM",855,16,"2","Berlin","Friday 13"
"136","21:35",21,"British Airways","Iberia",872,19,"2","Berlin","Friday 13"
"137","21:35",21,"British Airways","Finnair",897,28,"2","Berlin","Friday 13"
"138","15:47",15,"United","Lufthansa",913,22,"5","Berlin","Friday 13"
"139","16:00",16,"Air Canada","Lufthansa",914,20,"5","Berlin","Friday 13"
"140","16:00",16,"Air Canada","Lufthansa",914,22,"5","Berlin","Friday 13"
"141","16:00",16,"Air Canada","Lufthansa",914,26,"5","Berlin","Friday 13"
"142","10:48",10,"American","Aer Lingus",936,16,"2","Berlin","Friday 13"
"143","11:08",11,"American","Aer Lingus",936,16,"2","Berlin","Friday 13"
"144","11:15",11,"American","Aer Lingus",936,16,"2","Berlin","Friday 13"
"145","13:31",13,"American","Aer Lingus",936,14,"2","Berlin","Friday 13"
"146","12:07",12,"American","Lufthansa",951,16,"2","Berlin","Friday 13"
"147","13:34",13,"American","Lufthansa",951,14,"2","Berlin","Friday 13"
"148","13:34",13,"American","Lufthansa",951,16,"2","Berlin","Friday 13"
"149","10:15",10,"United","Lufthansa",958,22,"5","Berlin","Friday 13"
"150","10:15",10,"United","Lufthansa",958,24,"5","Berlin","Friday 13"
"151","10:15",10,"United","Lufthansa",958,26,"5","Berlin","Friday 13"
"152","10:15",10,"United","Lufthansa",958,26,"5","Berlin","Friday 13"
"153","10:15",10,"United","Lufthansa",958,28,"5","Berlin","Friday 13"
"154","10:15",10,"United","Lufthansa",958,28,"5","Berlin","Friday 13"
"155","11:25",11,"United","Lufthansa",958,23,"5","Berlin","Friday 13"
"156","11:25",11,"United","Lufthansa",958,25,"5","Berlin","Friday 13"
"157","11:25",11,"United","Lufthansa",958,27,"5","Berlin","Friday 13"
"158","11:25",11,"United","Lufthansa",958,31,"5","Berlin","Friday 13"
"159","14:52",14,"United","Lufthansa",958,17,"5","Berlin","Friday 13"
"160","14:52",14,"United","Lufthansa",958,19,"5","Berlin","Friday 13"
"161","14:52",14,"United","Lufthansa",958,21,"5","Berlin","Friday 13"
"162","14:52",14,"United","Lufthansa",958,21,"5","Berlin","Friday 13"
"163","14:52",14,"United","Lufthansa",958,23,"5","Berlin","Friday 13"
"164","14:52",14,"United","Lufthansa",958,23,"5","Berlin","Friday 13"
"165","14:52",14,"United","Lufthansa",958,27,"5","Berlin","Friday 13"
"166","14:52",14,"United","Lufthansa",958,27,"5","Berlin","Friday 13"
"167","15:47",15,"United","Lufthansa",958,18,"5","Berlin","Friday 13"
"168","15:47",15,"United","Lufthansa",958,20,"5","Berlin","Friday 13"
"169","15:47",15,"United","Lufthansa",958,20,"5","Berlin","Friday 13"
"170","15:47",15,"United","Lufthansa",958,22,"5","Berlin","Friday 13"
"171","15:47",15,"United","Lufthansa",958,26,"5","Berlin","Friday 13"
"172","15:47",15,"United","Lufthansa",958,26,"5","Berlin","Friday 13"
"173","16:20",16,"United","Lufthansa",958,18,"5","Berlin","Friday 13"
"174","16:20",16,"United","Lufthansa",958,20,"5","Berlin","Friday 13"
"175","16:20",16,"United","Lufthansa",958,22,"5","Berlin","Friday 13"
"176","16:20",16,"United","Lufthansa",958,26,"5","Berlin","Friday 13"
"177","19:50",19,"United","Lufthansa",958,16,"5","Berlin","Friday 13"
"178","19:50",19,"United","Lufthansa",958,18,"5","Berlin","Friday 13"
"179","19:50",19,"United","Lufthansa",958,22,"5","Berlin","Friday 13"
"180","15:38",15,"American","Lufthansa",970,14,"2","Berlin","Friday 13"
"181","15:38",15,"American","Lufthansa",970,15,"2","Berlin","Friday 13"
"182","15:38",15,"American","Lufthansa",970,16,"2","Berlin","Friday 13"
"183","14:52",14,"United","Brussels Airlines",973,25,"3","Berlin","Friday 13"
"184","10:15",10,"United","United",978,15,"2","Berlin","Friday 13"
"185","15:47",15,"United","Lufthansa",996,14,"2","Berlin","Friday 13"
"186","18:25",18,"United","Lufthansa",996,14,"2","Berlin","Friday 13"
"187","19:50",19,"United","Lufthansa",996,13,"2","Berlin","Friday 13"
"188","16:20",16,"United","Lufthansa",996,13,"2","Berlin","Friday 13"
"189","16:00",16,"Air Canada","Lufthansa",998,14,"2","Berlin","Friday 13"
"190","16:45",16,"Delta","KLM",1055,14,"2","Berlin","Friday 13"
"191","18:03",18,"Delta","KLM",1055,13,"2","Berlin","Friday 13"
"192","18:03",18,"Delta","KLM",1055,15,"2","Berlin","Friday 13"
"193","14:05",14,"United","Lufthansa",1096,16,"2","Berlin","Friday 13"
"194","18:25",18,"United","Lufthansa",1096,16,"2","Berlin","Friday 13"
"195","18:25",18,"United","Lufthansa",1096,17,"2","Berlin","Friday 13"
"196","14:05",14,"United","Lufthansa",1096,15,"2","Berlin","Friday 13"
"197","14:05",14,"United","Lufthansa",1333,18,"5","Berlin","Friday 13"
"198","12:00",12,"UnitedLufthansa","UnitedLufthansa",1353,13,"1","Berlin","Friday 13"
"199","14:05",14,"United","SWISS",1371,18,"2","Berlin","Friday 13"
"200","14:05",14,"United","SWISS",1371,18,"2","Berlin","Friday 13"
"201","14:05",14,"United","Austrian",1377,14,"2","Berlin","Friday 13"
"202","14:05",14,"United","Austrian",1377,16,"2","Berlin","Friday 13"
"203","14:52",14,"United","Austrian",1377,13,"2","Berlin","Friday 13"
"204","14:52",14,"United","Austrian",1377,15,"2","Berlin","Friday 13"
"205","14:52",14,"United","Brussels Airlines",1377,14,"2","Berlin","Friday 13"
"206","14:52",14,"United","Brussels Airlines",1377,25,"2","Berlin","Friday 13"
"207","11:25",11,"United","Aer Lingus",2122,16,"2","Berlin","Friday 13"
"208","14:05",14,"United","Aer Lingus",2122,13,"2","Berlin","Friday 13"
"209","11:08",11,"American","Iberia",3055,17,"2","Berlin","Friday 13"
"210","14:05",14,"United","SWISS",3146,13,"2","Berlin","Friday 13"
"211","13:31",13,"American","Iberia",3255,15,"2","Berlin","Friday 13"
"212","13:31",13,"American","Austrian",4852,15,"2","Berlin","Friday 13"
"213","14:30",14,"American","Austrian",4852,14,"2","Berlin","Friday 13"
"214","21:35",21,"British AirwaysIberia","Finnair",584,12,"1","Barcelona","Friday 13"
"215","15:25",15,"DeltaVirgin Atlantic","DeltaVirgin Atlantic",587,11,"1","Barcelona","Friday 13"
"216","16:16",16,"AmericanBritish Airways","AmericanBritish Airways",587,10,"1","Barcelona","Friday 13"
"217","14:52",14,"UnitedLufthansa","UnitedLufthansa",687,11,"1","Barcelona","Friday 13"
"218","21:35",21,"British AirwaysAmerican","Finnair",584,19,"1","Barcelona","Friday 13"
"219","05:00",5,"American","American",587,22,"2","Barcelona","Friday 13"
"220","06:00",6,"United","United",587,20,"1","Barcelona","Friday 13"
"221","06:00",6,"Delta","Delta",587,20,"1","Barcelona","Friday 13"
"222","06:07",6,"American","American",587,20,"1","Barcelona","Friday 13"
"223","07:00",7,"United","United",587,19,"2","Barcelona","Friday 13"
"224","12:07",12,"American","British Airways",588,17,"2","Barcelona","Friday 13"
"225","13:34",13,"American","British Airways",588,16,"2","Barcelona","Friday 13"
"226","15:38",15,"American","British Airways",588,14,"2","Barcelona","Friday 13"
"227","05:00",5,"American","American",593,22,"2","Barcelona","Friday 13"
"228","05:00",5,"American","American",593,22,"2","Barcelona","Friday 13"
"229","07:00",7,"United","United",593,19,"2","Barcelona","Friday 13"
"230","07:00",7,"United","United",593,20,"2","Barcelona","Friday 13"
"231","10:15",10,"United","United",634,16,"1","Barcelona","Friday 13"
"232","06:00",6,"United","United",687,21,"2","Barcelona","Friday 13"
"233","07:00",7,"United","United",687,20,"2","Barcelona","Friday 13"
"234","07:00",7,"United","United",687,20,"2","Barcelona","Friday 13"
"235","07:11",7,"Delta","Delta",687,19,"1","Barcelona","Friday 13"
"236","13:54",13,"DeltaKLM","Virgin Atlantic",687,12,"1","Barcelona","Friday 13"
"237","13:31",13,"American","Aer Lingus",690,15,"2","Barcelona","Friday 13"
"238","14:30",14,"American","Aer Lingus",690,14,"2","Barcelona","Friday 13"
"239","06:00",6,"United","United",693,21,"2","Barcelona","Friday 13"
"240","07:00",7,"United","United",693,20,"2","Barcelona","Friday 13"
"241","07:00",7,"United","United",693,20,"2","Barcelona","Friday 13"
"242","07:00",7,"United","United",693,20,"2","Barcelona","Friday 13"
"243","16:00",16,"Air Canada","SWISS",706,16,"2","Barcelona","Friday 13"
"244","11:25",11,"United","United",781,14,"2","Barcelona","Friday 13"
"245","05:00",5,"American","American",787,22,"2","Barcelona","Friday 13"
"246","07:17",7,"American","American",787,19,"2","Barcelona","Friday 13"
"247","07:30",7,"American","American",787,19,"1","Barcelona","Friday 13"
"248","07:45",7,"American","American",787,19,"2","Barcelona","Friday 13"
"249","07:45",7,"American","American",787,19,"2","Barcelona","Friday 13"
"250","08:32",8,"American","American",787,18,"2","Barcelona","Friday 13"
"251","11:15",11,"American","American",787,15,"1","Barcelona","Friday 13"
"252","13:34",13,"American","British Airways",788,18,"2","Barcelona","Friday 13"
"253","15:38",15,"American","British Airways",788,16,"2","Barcelona","Friday 13"
"254","16:22",16,"American","British AirwaysIberia",788,15,"2","Barcelona","Friday 13"
"255","05:00",5,"American","American",793,22,"2","Barcelona","Friday 13"
"256","07:17",7,"American","American",793,19,"2","Barcelona","Friday 13"
"257","07:17",7,"American","American",793,19,"2","Barcelona","Friday 13"
"258","07:45",7,"American","American",793,19,"2","Barcelona","Friday 13"
"259","11:25",11,"United","United",798,15,"2","Barcelona","Friday 13"
"260","16:16",16,"American","Iberia",801,14,"2","Barcelona","Friday 13"
"261","16:16",16,"American","Iberia",801,16,"2","Barcelona","Friday 13"
"262","15:47",15,"UnitedLufthansa","UnitedLufthansa",805,11,"1","Barcelona","Friday 13"
"263","11:25",11,"United","United",823,15,"2","Barcelona","Friday 13"
"264","11:25",11,"United","United",828,15,"2","Barcelona","Friday 13"
"265","07:50",7,"DeltaVirgin Atlantic","DeltaVirgin Atlantic",887,18,"1","Barcelona","Friday 13"
"266","11:05",11,"DeltaKLM","Virgin Atlantic",887,15,"1","Barcelona","Friday 13"
"267","11:56",11,"DeltaKLM","Virgin Atlantic",887,14,"1","Barcelona","Friday 13"
"268","19:30",19,"Delta","KLM",909,15,"2","Barcelona","Friday 13"
"269","19:30",19,"Delta","Air France",1008,15,"2","Barcelona","Friday 13"
"270","21:35",21,"British AirwaysAmerican","British AirwaysAmerican",1034,16,"1","Barcelona","Friday 13"
"271","13:31",13,"American","British AirwaysIberia",1038,15,"2","Barcelona","Friday 13"
"272","21:35",21,"British Airways","Iberia",1048,16,"2","Barcelona","Friday 13"
"273","14:05",14,"United","SWISS",1055,18,"2","Barcelona","Friday 13"
"274","14:05",14,"United","SWISS",1055,26,"2","Barcelona","Friday 13"
"275","14:05",14,"United","Lufthansa",1056,16,"2","Barcelona","Friday 13"
"276","16:00",16,"Air Canada","Lufthansa",1057,17,"2","Barcelona","Friday 13"
"277","17:04",17,"American","American",1077,33,"2","Barcelona","Friday 13"
"278","17:04",17,"American","American",1077,33,"2","Barcelona","Friday 13"
"279","17:04",17,"American","American",1077,33,"2","Barcelona","Friday 13"
"280","15:47",15,"United","Lufthansa",1156,15,"2","Barcelona","Friday 13"
"281","18:25",18,"United","Lufthansa",1156,15,"2","Barcelona","Friday 13"
"282","16:00",16,"Air Canada","Tap Air Portugal",1157,15,"2","Barcelona","Friday 13"
"283","18:03",18,"Delta","KLM",1159,16,"2","Barcelona","Friday 13"
"284","14:05",14,"United","Austrian",1162,23,"2","Barcelona","Friday 13"
"285","18:30",18,"American","British Airways",1238,16,"2","Barcelona","Friday 13"
"286","17:04",17,"American","Iberia",1283,36,"2","Barcelona","Friday 13"
"287","17:04",17,"American","Iberia",1283,36,"2","Barcelona","Friday 13"
"288","17:04",17,"American","Iberia",1289,36,"2","Barcelona","Friday 13"
"289","11:25",11,"United","Air Canada",1526,16,"2","Barcelona","Friday 13"
"290","11:25",11,"United","Air Canada",1526,16,"2","Barcelona","Friday 13"
"291","14:05",14,"United","Air Canada",1526,13,"2","Barcelona","Friday 13"
"292","11:50",11,"Delta","ITA",1636,17,"2","Barcelona","Friday 13"
"293","07:50",7,"Delta","ITA",2566,21,"2","Barcelona","Friday 13"
"294","11:56",11,"Delta","ITA",2566,16,"2","Barcelona","Friday 13"
"295","07:19",7,"Delta","Scandinavian Airlines",2652,53,"2","Barcelona","Friday 13"
"296","13:03",13,"Delta","Scandinavian Airlines",2652,47,"2","Barcelona","Friday 13"
"297","14:05",14,"United","SWISS",3145,18,"2","Barcelona","Friday 13"
"298","14:52",14,"United","Austrian",3152,22,"2","Barcelona","Friday 13"
"299","14:52",14,"United","Brussels Airlines",3152,17,"2","Barcelona","Friday 13"
"300","14:52",14,"United","Brussels Airlines",3467,41,"2","Barcelona","Friday 13"
"301","12:51",12,"American","IberiaFinnair",3810,37,"2","Barcelona","Friday 13"
"302","12:51",12,"American","IberiaFinnair",3810,37,"2","Barcelona","Friday 13"
"303","16:00",16,"Air Canada","Air Canada",1126,34,"2","Seoul","Friday 13"
"304","16:56",16,"United","United",1725,22,"2","Seoul","Friday 13"
"305","06:30",6,"Delta","Delta",1759,19,"1","Seoul","Friday 13"
"306","06:30",6,"United","Jeju Air",1695,24,"2","Seoul","Friday 13"
"307","06:30",6,"United","Jeju Air",1695,26,"2","Seoul","Friday 13"
"308","09:00",9,"United","Jeju Air",1695,23,"2","Seoul","Friday 13"
"309","09:00",9,"United","United",1725,30,"2","Seoul","Friday 13"
"310","09:00",9,"United","United",1725,30,"2","Seoul","Friday 13"
"311","09:00",9,"United","United",1725,30,"2","Seoul","Friday 13"
"312","09:00",9,"United","United",1725,30,"2","Seoul","Friday 13"
"313","09:00",9,"United","United",1725,30,"2","Seoul","Friday 13"
"314","09:00",9,"United","United",1725,30,"2","Seoul","Friday 13"
"315","10:15",10,"United","United",1725,29,"2","Seoul","Friday 13"
"316","10:15",10,"United","United",1725,29,"2","Seoul","Friday 13"
"317","11:25",11,"United","United",1725,28,"2","Seoul","Friday 13"
"318","11:25",11,"United","United",1725,28,"2","Seoul","Friday 13"
"319","11:47",11,"United","United",1725,27,"2","Seoul","Friday 13"
"320","11:47",11,"United","United",1725,27,"2","Seoul","Friday 13"
"321","14:05",14,"United","United",1725,25,"2","Seoul","Friday 13"
"322","14:05",14,"United","United",1725,25,"2","Seoul","Friday 13"
"323","14:52",14,"United","United",1725,24,"2","Seoul","Friday 13"
"324","16:20",16,"United","United",1725,23,"2","Seoul","Friday 13"
"325","16:56",16,"United","United",1725,22,"2","Seoul","Friday 13"
"326","07:00",7,"United","United",1731,32,"2","Seoul","Friday 13"
"327","10:15",10,"United","United",1731,29,"2","Seoul","Friday 13"
"328","10:15",10,"United","United",1731,29,"2","Seoul","Friday 13"
"329","11:25",11,"United","United",1731,28,"2","Seoul","Friday 13"
"330","11:25",11,"United","United",1731,28,"2","Seoul","Friday 13"
"331","11:47",11,"United","United",1731,27,"2","Seoul","Friday 13"
"332","06:00",6,"Delta","Delta",1759,19,"1","Seoul","Friday 13"
"333","06:12",6,"Delta","Delta",1759,20,"1","Seoul","Friday 13"
"334","18:28",18,"Delta","Delta",1759,31,"2","Seoul","Friday 13"
"335","19:59",19,"Delta","Delta",1759,30,"2","Seoul","Friday 13"
"336","17:45",17,"United","United",1764,32,"2","Seoul","Friday 13"
"337","19:30",19,"Delta","Delta",1765,30,"2","Seoul","Friday 13"
"338","19:59",19,"Delta","Delta",1765,30,"2","Seoul","Friday 13"
"339","19:59",19,"Delta","Delta",1765,30,"2","Seoul","Friday 13"
"340","18:48",18,"Alaska","Asiana",1767,33,"1","Seoul","Friday 13"
"341","10:10",10,"Delta","Korean Air",1770,28,"2","Seoul","Friday 13"
"342","17:50",17,"Delta","Delta",1770,32,"1","Seoul","Friday 13"
"343","07:00",7,"United","United",1770,32,"2","Seoul","Friday 13"
"344","05:25",5,"American","Korean Air",1794,27,"2","Seoul","Friday 13"
"345","17:45",17,"United","United",1904,32,"2","Seoul","Friday 13"
"346","19:50",19,"United","United",1904,30,"2","Seoul","Friday 13"
"347","19:50",19,"United","United",1910,30,"2","Seoul","Friday 13"
"348","16:00",16,"Air Canada","Air Canada",2029,36,"1","Seoul","Friday 13"
"349","05:25",5,"American","Korean Air",2036,24,"2","Seoul","Friday 13"
"350","06:12",6,"Delta","Delta",2065,19,"2","Seoul","Friday 13"
"351","06:20",6,"Delta","Korean Air",2065,21,"1","Seoul","Friday 13"
"352","07:11",7,"Delta","Delta",2065,18,"1","Seoul","Friday 13"
"353","07:50",7,"Delta","Korean Air",2065,19,"1","Seoul","Friday 13"
"354","11:05",11,"Delta","Delta",2065,28,"1","Seoul","Friday 13"
"355","13:54",13,"Delta","Delta",2065,25,"1","Seoul","Friday 13"
"356","15:25",15,"Delta","Delta",2065,24,"1","Seoul","Friday 13"
"357","16:50",16,"Delta","Delta",2065,22,"1","Seoul","Friday 13"
"358","18:00",18,"Delta","Delta",2065,31,"2","Seoul","Friday 13"
"359","19:30",19,"Delta","Delta",2065,20,"1","Seoul","Friday 13"
"360","19:30",19,"Delta","Delta",2065,30,"2","Seoul","Friday 13"
"361","19:30",19,"Delta","Delta",2065,31,"2","Seoul","Friday 13"
"362","10:10",10,"Delta","Delta",2071,29,"2","Seoul","Friday 13"
"363","13:53",13,"Delta","Delta",2071,25,"2","Seoul","Friday 13"
"364","18:00",18,"Delta","Delta",2071,31,"2","Seoul","Friday 13"
"365","18:59",18,"Delta","Delta",2071,30,"2","Seoul","Friday 13"
"366","19:30",19,"Delta","Delta",2071,31,"2","Seoul","Friday 13"
"367","06:00",6,"Delta","Delta",2076,33,"1","Seoul","Friday 13"
"368","07:11",7,"Delta","Delta",2076,32,"1","Seoul","Friday 13"
"369","13:54",13,"Delta","Delta",2076,35,"1","Seoul","Friday 13"
"370","15:25",15,"Delta","Delta",2076,34,"1","Seoul","Friday 13"
"371","18:59",18,"Delta","Korean Air",2076,32,"1","Seoul","Friday 13"
"372","19:30",19,"Delta","Delta",2076,30,"1","Seoul","Friday 13"
"373","10:10",10,"Delta","Delta",2080,40,"1","Seoul","Friday 13"
"374","13:53",13,"Delta","Delta",2080,36,"1","Seoul","Friday 13"
"375","18:00",18,"Delta","Delta",2080,32,"1","Seoul","Friday 13"
"376","10:50",10,"Delta","Delta",2087,38,"1","Seoul","Friday 13"
"377","16:45",16,"Delta","Delta",2087,32,"1","Seoul","Friday 13"
"378","18:28",18,"Delta","Delta",2087,31,"1","Seoul","Friday 13"
"379","18:48",18,"Alaska","China Airlines",2138,50,"2","Seoul","Friday 13"
"380","17:45",17,"United","Turkish Airlines",2158,34,"2","Seoul","Friday 13"
"381","18:48",18,"Alaska","EVA Air",2337,25,"2","Seoul","Friday 13"
"382","06:12",6,"Delta","Korean Air",2442,21,"2","Seoul","Friday 13"
"383","06:45",6,"Delta","Korean Air",2442,19,"1","Seoul","Friday 13"
"384","13:53",13,"Delta","Delta",2442,25,"2","Seoul","Friday 13"
"385","05:25",5,"American","Korean Air",2443,22,"1","Seoul","Friday 13"
"386","07:00",7,"United","Korean Air",2443,20,"1","Seoul","Friday 13"
"387","07:17",7,"American","Korean Air",2443,19,"1","Seoul","Friday 13"
"388","07:45",7,"American","Korean Air",2443,18,"1","Seoul","Friday 13"
"389","08:32",8,"American","Korean Air",2443,18,"1","Seoul","Friday 13"
"390","16:00",16,"Air Canada","Emirates",2498,58,"2","Seoul","Friday 13"
"391","16:00",16,"Air Canada","Emirates",2498,60,"2","Seoul","Friday 13"
"392","06:00",6,"United","Air Canada",2569,22,"2","Seoul","Friday 13"
"393","16:16",16,"American","Qatar Airways",2879,34,"2","Seoul","Friday 13"
"394","05:25",5,"American","American",2922,21,"1","Seoul","Friday 13"
"395","12:51",12,"American","American",2954,37,"1","Seoul","Friday 13"
"396","17:32",17,"American","American",2954,32,"1","Seoul","Friday 13"
"397","07:00",7,"United","Asiana",3382,25,"2","Seoul","Friday 13"
"398","11:08",11,"American","Etihad",3426,34,"2","Seoul","Friday 13"
"399","16:22",16,"American","Etihad",3426,28,"2","Seoul","Friday 13"
"400","17:45",17,"United","Lufthansa",3441,27,"2","Seoul","Friday 13"
"401","18:25",18,"United","Asiana",3512,54,"3","Seoul","Friday 13"
"402","10:48",10,"American","Etihad",3748,34,"2","Seoul","Friday 13"
"403","18:48",18,"Alaska","Asiana",3975,32,"2","Seoul","Friday 13"
"404","19:50",19,"United","Asiana",4026,52,"3","Seoul","Friday 13"
"405","19:50",19,"United","Asiana",4026,54,"3","Seoul","Friday 13"
"406","15:47",15,"United","Lufthansa",4548,29,"2","Seoul","Friday 13"
"407","16:22",16,"American","Cathay Pacific",4874,31,"2","Seoul","Friday 13"
"408","17:26",17,"American","Cathay Pacific",4874,30,"2","Seoul","Friday 13"
"409","17:50",17,"Delta","Korean Air",5376,32,"1","Seoul","Friday 13"
"410","07:03",7,"Delta","Korean Air",5380,32,"1","Seoul","Friday 13"
"411","16:22",16,"American","China Southern",5580,31,"2","Seoul","Friday 13"
"412","16:00",16,"Air Canada","Korean Air",5813,52,"2","Seoul","Friday 13"
"413","14:05",14,"United","Asiana",6036,25,"2","Seoul","Friday 13"
"414","14:52",14,"United","Asiana",6036,24,"2","Seoul","Friday 13"
"415","16:20",16,"United","Asiana",6036,23,"2","Seoul","Friday 13"
"416","16:56",16,"United","Asiana",6036,22,"2","Seoul","Friday 13"
"417","11:25",11,"United","Cathay Pacific",6266,36,"2","Seoul","Friday 13"
"418","09:00",9,"United","Korean Air",6401,24,"2","Seoul","Friday 13"
"419","07:00",7,"United","Korean Air",6461,26,"2","Seoul","Friday 13"
"420","09:00",9,"United","Asiana",6664,23,"2","Seoul","Friday 13"
"421","06:30",6,"United","Korean Air",6665,26,"2","Seoul","Friday 13"
"422","14:05",14,"United","Asiana",6746,24,"2","Seoul","Friday 13"
"423","07:00",7,"United","Asiana",6749,22,"2","Seoul","Friday 13"
"424","18:48",18,"Alaska","EVA Air",6885,33,"2","Seoul","Friday 13"
"425","17:45",17,"United","EVA Air",10035,26,"2","Seoul","Friday 13"
"426","21:35",21,"British Airways","Korean Air",11139,28,"1","Seoul","Friday 13"
"427","07:45",7,"American","Korean Air",11654,25,"2","Seoul","Friday 13"
"428","06:30",6,"Delta","Korean Air",1476,27,"2","Ho Chi Minh city","Friday 13"
"429","09:00",9,"United","ANAVietnam Airlines",1482,27,"2","Ho Chi Minh city","Friday 13"
"430","06:30",6,"Delta","ANA",1486,27,"2","Ho Chi Minh city","Friday 13"
"431","18:48",18,"Alaska","STARLUX Airlines",1733,27,"2","Ho Chi Minh city","Friday 13"
"432","06:30",6,"Delta","Korean Air",1476,28,"2","Ho Chi Minh city","Friday 13"
"433","06:30",6,"United","ANA",1482,29,"2","Ho Chi Minh city","Friday 13"
"434","06:20",6,"Delta","ANA",1486,27,"2","Ho Chi Minh city","Friday 13"
"435","18:48",18,"Alaska","China Airlines",1572,51,"2","Ho Chi Minh city","Friday 13"
"436","18:48",18,"Alaska","China Airlines",1572,58,"2","Ho Chi Minh city","Friday 13"
"437","18:48",18,"Alaska","STARLUX Airlines",1733,34,"2","Ho Chi Minh city","Friday 13"
"438","18:48",18,"Alaska","Qatar Airways",1762,48,"2","Ho Chi Minh city","Friday 13"
"439","18:48",18,"Alaska","Qatar Airways",1762,54,"2","Ho Chi Minh city","Friday 13"
"440","06:12",6,"Delta","Korean Air",1823,28,"2","Ho Chi Minh city","Friday 13"
"441","06:12",6,"Delta","Korean Air",1823,29,"2","Ho Chi Minh city","Friday 13"
"442","06:30",6,"Delta","Vietnam Airlines",1823,26,"2","Ho Chi Minh city","Friday 13"
"443","05:25",5,"American","JAL",1830,29,"2","Ho Chi Minh city","Friday 13"
"444","18:48",18,"Alaska","EVA Air",1882,27,"2","Ho Chi Minh city","Friday 13"
"445","18:48",18,"Alaska","EVA Air",1882,28,"2","Ho Chi Minh city","Friday 13"
"446","12:51",12,"American","Qatar Airways",2090,30,"2","Ho Chi Minh city","Friday 13"
"447","13:31",13,"American","Qatar Airways",2090,29,"2","Ho Chi Minh city","Friday 13"
"448","18:48",18,"Alaska","Vietnam Airlines",2091,51,"2","Ho Chi Minh city","Friday 13"
"449","06:00",6,"Delta","Vietnam Airlines",2119,27,"2","Ho Chi Minh city","Friday 13"
"450","06:00",6,"Delta","Korean Air",2119,28,"2","Ho Chi Minh city","Friday 13"
"451","06:00",6,"Delta","Korean Air",2119,29,"2","Ho Chi Minh city","Friday 13"
"452","07:11",7,"Delta","Korean Air",2119,27,"2","Ho Chi Minh city","Friday 13"
"453","07:11",7,"Delta","Korean Air",2119,28,"2","Ho Chi Minh city","Friday 13"
"454","19:30",19,"Delta","Korean Air",2119,29,"2","Ho Chi Minh city","Friday 13"
"455","06:00",6,"Delta","ANA",2129,27,"2","Ho Chi Minh city","Friday 13"
"456","07:45",7,"American","JAL",2230,26,"2","Ho Chi Minh city","Friday 13"
"457","10:48",10,"American","Qatar Airways",2233,32,"2","Ho Chi Minh city","Friday 13"
"458","06:00",6,"United","ANA",2327,27,"2","Ho Chi Minh city","Friday 13"
"459","16:22",16,"American","Cathay Pacific",2338,30,"2","Ho Chi Minh city","Friday 13"
"460","17:26",17,"American","Cathay Pacific",2338,29,"2","Ho Chi Minh city","Friday 13"
"461","17:45",17,"United","Turkish Airlines",2388,34,"2","Ho Chi Minh city","Friday 13"
"462","19:30",19,"Delta","Vietnam Airlines",2523,30,"2","Ho Chi Minh city","Friday 13"
"463","17:32",17,"American","Qatar Airways",2543,31,"2","Ho Chi Minh city","Friday 13"
"464","11:15",11,"American","Qatar Airways",2551,32,"2","Ho Chi Minh city","Friday 13"
"465","16:16",16,"American","Qatar Airways",2551,26,"2","Ho Chi Minh city","Friday 13"
"466","16:16",16,"American","Qatar Airways",2551,32,"2","Ho Chi Minh city","Friday 13"
"467","11:08",11,"American","Qatar Airways",2675,32,"2","Ho Chi Minh city","Friday 13"
"468","16:22",16,"American","Qatar Airways",2675,26,"2","Ho Chi Minh city","Friday 13"
"469","06:30",6,"United","ANA",2779,27,"2","Ho Chi Minh city","Friday 13"
"470","07:00",7,"United","ANAVietnam Airlines",2796,29,"2","Ho Chi Minh city","Friday 13"
"471","14:05",14,"United","ANA",2819,46,"2","Ho Chi Minh city","Friday 13"
"472","06:20",6,"Delta","China Eastern",2896,30,"2","Ho Chi Minh city","Friday 13"
"473","11:25",11,"United","Cathay Pacific",2909,35,"2","Ho Chi Minh city","Friday 13"
"474","16:22",16,"American","Qatar Airways",2911,32,"2","Ho Chi Minh city","Friday 13"
"475","16:22",16,"American","Qatar Airways",2911,32,"2","Ho Chi Minh city","Friday 13"
"476","08:32",8,"American","Korean Air",3015,25,"2","Ho Chi Minh city","Friday 13"
"477","08:32",8,"American","Korean Air",3015,26,"2","Ho Chi Minh city","Friday 13"
"478","14:30",14,"American","Qatar Airways",3089,28,"2","Ho Chi Minh city","Friday 13"
"479","18:48",18,"Alaska","Vietnam Airlines",3192,27,"2","Ho Chi Minh city","Friday 13"
"480","18:48",18,"Alaska","China AirlinesVietnam Airlines",3410,27,"2","Ho Chi Minh city","Friday 13"
"481","16:00",16,"Air Canada","EVA Air",3783,30,"2","Ho Chi Minh city","Friday 13"
"482","16:00",16,"Air Canada","EVA Air",3783,31,"2","Ho Chi Minh city","Friday 13"
"483","18:48",18,"Alaska","STARLUX Airlines",3832,27,"2","Ho Chi Minh city","Friday 13"
"484","18:48",18,"Alaska","EVA Air",3863,27,"2","Ho Chi Minh city","Friday 13"
"485","14:05",14,"United","Vietnam Airlines",4046,38,"3","Ho Chi Minh city","Friday 13"
"486","14:52",14,"United","Vietnam Airlines",4046,37,"3","Ho Chi Minh city","Friday 13"
"487","14:52",14,"United","THAI",4056,40,"3","Ho Chi Minh city","Friday 13"
"488","16:00",16,"Air Canada","Cathay PacificVietnam Airlines",4490,30,"2","Ho Chi Minh city","Friday 13"
"489","16:00",16,"Air Canada","SWISS",5396,29,"3","Ho Chi Minh city","Friday 13"
"490","16:22",16,"American","China Southern",5663,30,"2","Ho Chi Minh city","Friday 13"
"491","14:05",14,"United","Vietnam Airlines",5936,28,"2","Ho Chi Minh city","Friday 13"
"492","14:05",14,"United","Vietnam AirlinesLufthansa",5936,28,"2","Ho Chi Minh city","Friday 13"
"493","14:52",14,"United","Vietnam AirlinesLufthansa",5936,27,"2","Ho Chi Minh city","Friday 13"
"494","14:52",14,"United","Vietnam Airlines",5936,27,"2","Ho Chi Minh city","Friday 13"
"495","15:47",15,"United","Vietnam AirlinesLufthansa",5936,26,"2","Ho Chi Minh city","Friday 13"
"496","21:35",21,"British Airways","Qatar AirwaysIberia",6560,27,"2","Ho Chi Minh city","Friday 13"
"497","21:35",21,"British Airways","Malaysia Airlines",6608,48,"2","Ho Chi Minh city","Friday 13"
"498","14:05",14,"United","ANA",6611,43,"2","Ho Chi Minh city","Friday 13"
"499","21:35",21,"British Airways","Qatar Airways",6693,27,"2","Ho Chi Minh city","Friday 13"
"500","21:35",21,"British Airways","Qatar Airways",6693,27,"2","Ho Chi Minh city","Friday 13"
"501","21:35",21,"British Airways","Malaysia Airlines",6745,48,"2","Ho Chi Minh city","Friday 13"
"502","21:35",21,"British Airways","Malaysia Airlines",6745,54,"2","Ho Chi Minh city","Friday 13"
"503","21:35",21,"British Airways","Qatar Airways",6908,27,"2","Ho Chi Minh city","Friday 13"
"504","07:00",7,"United","Vietnam AirlinesANA",7242,43,"2","Ho Chi Minh city","Friday 13"
"505","14:05",14,"United","Vietnam Airlines",7242,36,"2","Ho Chi Minh city","Friday 13"
"506","06:45",6,"Delta","Korean Air",7308,27,"2","Ho Chi Minh city","Friday 13"
"507","06:45",6,"Delta","Korean Air",7308,28,"2","Ho Chi Minh city","Friday 13"
"508","07:50",7,"Delta","Korean Air",7308,26,"2","Ho Chi Minh city","Friday 13"
"509","07:50",7,"Delta","Korean Air",7308,27,"2","Ho Chi Minh city","Friday 13"
"510","07:00",7,"United","Vietnam Airlines",7742,43,"2","Ho Chi Minh city","Friday 13"
"511","16:00",16,"Air Canada","Vietnam Airlines",7895,25,"2","Ho Chi Minh city","Friday 13"
"512","15:47",15,"United","Singapore AirlinesLufthansa",11884,31,"3","Ho Chi Minh city","Friday 13"
"513","06:20",6,"Delta","Korean Air",13005,27,"2","Ho Chi Minh city","Friday 13"
"514","18:46",18,"Alaska","STARLUX Airlines",2413,27,"2","Ho Chi Minh","Friday 20"
"515","18:46",18,"Alaska","EVA Air",2523,27,"2","Ho Chi Minh","Friday 20"
"516","06:31",6,"Delta","Korean Air",2523,27,"2","Ho Chi Minh","Friday 20"
"517","05:30",5,"American","JAL",2534,28,"2","Ho Chi Minh","Friday 20"
"518","18:46",18,"Alaska","EVA Air",2093,51,"2","Ho Chi Minh","Friday 20"
"519","18:46",18,"Alaska","Qatar Airways",2310,48,"2","Ho Chi Minh","Friday 20"
"520","18:46",18,"Alaska","Qatar Airways",2310,54,"2","Ho Chi Minh","Friday 20"
"521","18:46",18,"Alaska","STARLUX Airlines",2413,34,"2","Ho Chi Minh","Friday 20"
"522","18:46",18,"Alaska","China Airlines",2457,51,"2","Ho Chi Minh","Friday 20"
"523","18:46",18,"Alaska","China Airlines",2457,58,"2","Ho Chi Minh","Friday 20"
"524","18:46",18,"Alaska","EVA Air",2523,28,"2","Ho Chi Minh","Friday 20"
"525","18:46",18,"Alaska","EVA Air",2523,39,"2","Ho Chi Minh","Friday 20"
"526","18:46",18,"Alaska","EVA Air",2523,52,"2","Ho Chi Minh","Friday 20"
"527","06:00",6,"Delta","Korean Air",2523,28,"2","Ho Chi Minh","Friday 20"
"528","06:00",6,"Delta","Korean Air",2523,29,"2","Ho Chi Minh","Friday 20"
"529","06:31",6,"Delta","Korean Air",2523,28,"2","Ho Chi Minh","Friday 20"
"530","18:46",18,"Alaska","Vietnam Airlines",2723,51,"2","Ho Chi Minh","Friday 20"
"531","06:20",6,"Delta","China Eastern",2736,30,"2","Ho Chi Minh","Friday 20"
"532","06:00",6,"Delta","Korean Air",3013,28,"2","Ho Chi Minh","Friday 20"
"533","06:00",6,"Delta","Korean Air",3013,29,"2","Ho Chi Minh","Friday 20"
"534","06:31",6,"Delta","Vietnam Airlines",3013,26,"2","Ho Chi Minh","Friday 20"
"535","07:22",7,"Delta","Korean Air",3013,26,"2","Ho Chi Minh","Friday 20"
"536","07:22",7,"Delta","Korean Air",3013,27,"2","Ho Chi Minh","Friday 20"
"537","10:57",10,"American","Qatar Airways",3089,32,"2","Ho Chi Minh","Friday 20"
"538","13:30",13,"American","Qatar Airways",3089,29,"2","Ho Chi Minh","Friday 20"
"539","17:22",17,"American","Qatar Airways",3089,25,"2","Ho Chi Minh","Friday 20"
"540","17:22",17,"American","Qatar Airways",3089,31,"2","Ho Chi Minh","Friday 20"
"541","17:22",17,"American","Qatar Airways",3089,31,"2","Ho Chi Minh","Friday 20"
"542","18:46",18,"Alaska","Vietnam Airlines",3275,27,"2","Ho Chi Minh","Friday 20"
"543","18:46",18,"Alaska","China AirlinesVietnam Airlines",3465,27,"2","Ho Chi Minh","Friday 20"
"544","16:00",16,"Air Canada","EVA AirUnited",3865,30,"2","Ho Chi Minh","Friday 20"
"545","16:00",16,"Air Canada","EVA AirUnited",3865,31,"2","Ho Chi Minh","Friday 20"
"546","18:46",18,"Alaska","STARLUX Airlines",3939,27,"2","Ho Chi Minh","Friday 20"
"547","18:46",18,"Alaska","EVA Air",3970,27,"2","Ho Chi Minh","Friday 20"
"548","10:53",10,"American","Qatar Airways",4121,32,"2","Ho Chi Minh","Friday 20"
"549","15:12",15,"American","Qatar Airways",4121,28,"2","Ho Chi Minh","Friday 20"
"550","05:30",5,"American","Vietnam Airlines",4162,27,"2","Ho Chi Minh","Friday 20"
"551","05:30",5,"American","Korean AirVietnam Airlines",4236,28,"2","Ho Chi Minh","Friday 20"
"552","05:30",5,"American","Asiana",4255,29,"2","Ho Chi Minh","Friday 20"
"553","06:00",6,"Delta","Vietnam Airlines",4308,27,"2","Ho Chi Minh","Friday 20"
"554","07:22",7,"Delta","Vietnam Airlines",4308,26,"2","Ho Chi Minh","Friday 20"
"555","07:50",7,"Delta","Korean Air",4308,27,"2","Ho Chi Minh","Friday 20"
"556","18:07",18,"Delta","Korean Air",4308,30,"2","Ho Chi Minh","Friday 20"
"557","05:30",5,"American","Korean Air",4310,28,"2","Ho Chi Minh","Friday 20"
"558","05:30",5,"American","Korean Air",4310,29,"2","Ho Chi Minh","Friday 20"
"559","18:14",18,"United","Vietnam Airlines",4395,28,"2","Ho Chi Minh","Friday 20"
"560","15:12",15,"American","Qatar Airways",4409,33,"2","Ho Chi Minh","Friday 20"
"561","08:00",8,"American","Qatar Airways",4509,35,"2","Ho Chi Minh","Friday 20"
"562","11:05",11,"American","Qatar Airways",4509,32,"2","Ho Chi Minh","Friday 20"
"563","16:12",16,"American","Qatar Airways",4509,27,"2","Ho Chi Minh","Friday 20"
"564","16:12",16,"American","Qatar Airways",4509,32,"2","Ho Chi Minh","Friday 20"
"565","16:00",16,"Air Canada","Vietnam Airlines",4568,30,"2","Ho Chi Minh","Friday 20"
"566","18:14",18,"United","China AirlinesVietnam Airlines",4585,27,"2","Ho Chi Minh","Friday 20"
"567","12:54",12,"American","Qatar Airways",4659,30,"2","Ho Chi Minh","Friday 20"
"568","09:45",9,"United","Vietnam Airlines",5193,32,"2","Ho Chi Minh","Friday 20"
"569","13:42",13,"United","Vietnam Airlines",5318,38,"3","Ho Chi Minh","Friday 20"
"570","14:50",14,"United","Vietnam Airlines",5318,37,"3","Ho Chi Minh","Friday 20"
"571","14:50",14,"United","THAI",5328,40,"3","Ho Chi Minh","Friday 20"
"572","06:30",6,"United","ANA",5480,29,"2","Ho Chi Minh","Friday 20"
"573","09:01",9,"United","ANA",5480,27,"2","Ho Chi Minh","Friday 20"
"574","17:22",17,"American","China Southern",5663,29,"2","Ho Chi Minh","Friday 20"
"575","13:42",13,"United","Vietnam AirlinesLufthansa",6413,28,"2","Ho Chi Minh","Friday 20"
"576","13:42",13,"United","Vietnam AirlinesLufthansa",6413,28,"2","Ho Chi Minh","Friday 20"
"577","14:50",14,"United","Vietnam AirlinesLufthansa",6413,27,"2","Ho Chi Minh","Friday 20"
"578","16:01",16,"United","Vietnam AirlinesLufthansa",6413,26,"2","Ho Chi Minh","Friday 20"
"579","11:27",11,"United","Vietnam Airlines",6522,31,"2","Ho Chi Minh","Friday 20"
"580","21:35",21,"British Airways","Qatar AirwaysIberia",6560,27,"2","Ho Chi Minh","Friday 20"
"581","21:35",21,"British Airways","Qatar AirwaysIberia",6560,27,"2","Ho Chi Minh","Friday 20"
"582","06:00",6,"United","ANA",6597,27,"2","Ho Chi Minh","Friday 20"
"583","06:30",6,"United","ANA",6597,27,"2","Ho Chi Minh","Friday 20"
"584","06:00",6,"United","ANA",6600,30,"2","Ho Chi Minh","Friday 20"
"585","07:00",7,"United","ANA",6600,29,"2","Ho Chi Minh","Friday 20"
"586","21:35",21,"British Airways","Malaysia Airlines",6745,48,"2","Ho Chi Minh","Friday 20"
"587","21:35",21,"British Airways","Malaysia Airlines",6745,54,"2","Ho Chi Minh","Friday 20"
"588","21:35",21,"British Airways","Qatar Airways",6908,27,"2","Ho Chi Minh","Friday 20"
"589","21:35",21,"British Airways","Qatar AirwaysIberia",12659,27,"2","Ho Chi Minh","Friday 20"
"590","10:53",10,"American","Cathay Pacific",13298,35,"2","Ho Chi Minh","Friday 20"
"591","16:01",16,"United","Singapore AirlinesLufthansa",13573,30,"3","Ho Chi Minh","Friday 20"
"592","21:35",21,"British Airways","Malaysia Airlines",13962,48,"2","Ho Chi Minh","Friday 20"
"593","16:01",16,"United","Singapore AirlinesLufthansa",14111,30,"3","Ho Chi Minh","Friday 20"
"594","13:30",13,"American","Cathay Pacific",14431,33,"2","Ho Chi Minh","Friday 20"
"595","06:20",6,"Delta","Korean Air",14752,27,"2","Ho Chi Minh","Friday 20"
"596","06:20",6,"Delta","Korean Air",14752,29,"2","Ho Chi Minh","Friday 20"
"597","07:22",7,"Delta","Korean Air",14814,26,"2","Ho Chi Minh","Friday 20"
"598","07:22",7,"Delta","Korean Air",14814,27,"2","Ho Chi Minh","Friday 20"
"599","05:30",5,"American","Korean Air",2036,24,"2","Seoul","Friday 20"
"600","06:00",6,"Delta","Delta",2065,20,"1","Seoul","Friday 20"
"601","18:46",18,"Alaska","Asiana",2084,33,"1","Seoul","Friday 20"
"602","18:46",18,"Alaska","Air Canada",1621,54,"2","Seoul","Friday 20"
"603","05:30",5,"American","Korean Air",2036,27,"2","Seoul","Friday 20"
"604","17:47",17,"Delta","Delta",2071,31,"2","Seoul","Friday 20"
"605","18:14",18,"United","Air Canada",2074,31,"2","Seoul","Friday 20"
"606","11:14",11,"Delta","Delta",2087,38,"1","Seoul","Friday 20"
"607","19:43",19,"Delta","Delta",2087,29,"1","Seoul","Friday 20"
"608","10:53",10,"American","Etihad",2090,34,"2","Seoul","Friday 20"
"609","15:23",15,"United","United",2302,34,"2","Seoul","Friday 20"
"610","15:23",15,"United","United",2352,34,"2","Seoul","Friday 20"
"611","16:00",16,"Air Canada","Air Canada",2356,33,"2","Seoul","Friday 20"
"612","16:00",16,"Air Canada","Air Canada",2381,33,"2","Seoul","Friday 20"
"613","16:00",16,"Air Canada","Air Canada",2381,33,"2","Seoul","Friday 20"
"614","06:31",6,"Delta","Delta",2442,18,"1","Seoul","Friday 20"
"615","18:07",18,"Delta","Delta",2442,31,"2","Seoul","Friday 20"
"616","19:43",19,"Delta","Korean Air",2442,30,"2","Seoul","Friday 20"
"617","19:43",19,"Delta","Delta",2442,30,"2","Seoul","Friday 20"
"618","19:55",19,"Delta","Korean Air",2442,30,"2","Seoul","Friday 20"
"619","19:55",19,"Delta","Delta",2442,30,"2","Seoul","Friday 20"
"620","18:07",18,"Delta","Delta",2448,31,"2","Seoul","Friday 20"
"621","19:55",19,"Delta","Korean Air",2448,30,"2","Seoul","Friday 20"
"622","16:55",16,"Delta","Korean Air",2453,33,"1","Seoul","Friday 20"
"623","16:55",16,"Delta","Delta",2453,33,"1","Seoul","Friday 20"
"624","17:47",17,"Delta","Delta",2458,32,"2","Seoul","Friday 20"
"625","13:40",13,"Delta","Delta",2458,36,"1","Seoul","Friday 20"
"626","17:47",17,"Delta","Delta",2458,32,"1","Seoul","Friday 20"
"627","18:46",18,"Alaska","China Airlines",2460,50,"2","Seoul","Friday 20"
"628","18:46",18,"Alaska","China Airlines",2460,58,"2","Seoul","Friday 20"
"629","16:45",16,"Delta","Delta",2467,32,"1","Seoul","Friday 20"
"630","18:46",18,"Alaska","Air Canada",2470,54,"2","Seoul","Friday 20"
"631","18:46",18,"Alaska","Air Canada",2470,54,"2","Seoul","Friday 20"
"632","17:47",17,"Delta","Delta",2475,31,"2","Seoul","Friday 20"
"633","16:00",16,"Air CanadaUnited","Air CanadaUnited",2478,36,"1","Seoul","Friday 20"
"634","18:46",18,"Alaska","Air Canada",2618,30,"2","Seoul","Friday 20"
"635","09:01",9,"United","United",2637,30,"2","Seoul","Friday 20"
"636","09:01",9,"United","United",2637,30,"2","Seoul","Friday 20"
"637","09:01",9,"United","United",2637,30,"2","Seoul","Friday 20"
"638","11:27",11,"United","United",2637,28,"2","Seoul","Friday 20"
"639","11:27",11,"United","United",2637,28,"2","Seoul","Friday 20"
"640","13:42",13,"United","United",2637,25,"2","Seoul","Friday 20"
"641","18:14",18,"United","United",2637,32,"2","Seoul","Friday 20"
"642","06:20",6,"Delta","China Eastern",2729,39,"2","Seoul","Friday 20"
"643","16:00",16,"Air Canada","Air Canada",3016,33,"2","Seoul","Friday 20"
"644","09:01",9,"United","United",3196,30,"2","Seoul","Friday 20"
"645","09:01",9,"United","United",3196,30,"2","Seoul","Friday 20"
"646","10:22",10,"United","United",3196,29,"2","Seoul","Friday 20"
"647","10:22",10,"United","United",3196,29,"2","Seoul","Friday 20"
"648","11:27",11,"United","United",3196,28,"2","Seoul","Friday 20"
"649","11:27",11,"United","United",3196,28,"2","Seoul","Friday 20"
"650","13:42",13,"United","United",3196,25,"2","Seoul","Friday 20"
"651","14:50",14,"United","United",3196,24,"2","Seoul","Friday 20"
"652","14:50",14,"United","United",3196,24,"2","Seoul","Friday 20"
"653","15:23",15,"United","United",3196,24,"2","Seoul","Friday 20"
"654","15:23",15,"United","United",3196,24,"2","Seoul","Friday 20"
"655","10:22",10,"United","United",3202,29,"2","Seoul","Friday 20"
"656","10:22",10,"United","United",3202,29,"2","Seoul","Friday 20"
"657","06:00",6,"United","Air Canada",3222,22,"2","Seoul","Friday 20"
"658","15:23",15,"United","United",3270,34,"2","Seoul","Friday 20"
"659","19:23",19,"American","American",3306,31,"2","Seoul","Friday 20"
"660","20:08",20,"American","American",3306,30,"2","Seoul","Friday 20"
"661","19:23",19,"American","American",3312,31,"2","Seoul","Friday 20"
"662","19:23",19,"American","American",3312,31,"2","Seoul","Friday 20"
"663","20:08",20,"American","American",3312,30,"2","Seoul","Friday 20"
"664","20:08",20,"American","American",3312,30,"2","Seoul","Friday 20"
"665","12:54",12,"American","American",3341,37,"1","Seoul","Friday 20"
"666","17:24",17,"American","American",3341,33,"1","Seoul","Friday 20"
"667","16:00",16,"Air Canada","Emirates",3366,58,"2","Seoul","Friday 20"
"668","16:00",16,"Air Canada","Emirates",3366,60,"2","Seoul","Friday 20"
"669","06:00",6,"Delta","Delta",3491,19,"1","Seoul","Friday 20"
"670","07:22",7,"Delta","Delta",3491,18,"1","Seoul","Friday 20"
"671","10:42",10,"Delta","Delta",3491,29,"1","Seoul","Friday 20"
"672","13:59",13,"Delta","Delta",3491,25,"1","Seoul","Friday 20"
"673","15:28",15,"Delta","Delta",3491,24,"1","Seoul","Friday 20"
"674","17:47",17,"Delta","Delta",3491,21,"2","Seoul","Friday 20"
"675","18:07",18,"Delta","Delta",3491,21,"1","Seoul","Friday 20"
"676","06:00",6,"Delta","Delta",3502,33,"1","Seoul","Friday 20"
"677","07:22",7,"Delta","Delta",3502,32,"1","Seoul","Friday 20"
"678","08:40",8,"Delta","Delta",3502,31,"1","Seoul","Friday 20"
"679","10:42",10,"Delta","Delta",3502,39,"1","Seoul","Friday 20"
"680","13:59",13,"Delta","Delta",3502,35,"1","Seoul","Friday 20"
"681","15:28",15,"Delta","Delta",3502,34,"1","Seoul","Friday 20"
"682","18:07",18,"Delta","Delta",3502,31,"1","Seoul","Friday 20"
"683","19:50",19,"United","Lufthansa",3504,25,"2","Seoul","Friday 20"
"684","18:59",18,"Delta","Korean Air",3506,32,"1","Seoul","Friday 20"
"685","05:00",5,"American","American",3772,21,"2","Seoul","Friday 20"
"686","05:30",5,"American","American",3772,21,"1","Seoul","Friday 20"
"687","10:57",10,"American","Etihad",3798,34,"2","Seoul","Friday 20"
"688","17:22",17,"American","Etihad",3798,27,"2","Seoul","Friday 20"
"689","18:14",18,"United","Lufthansa",4190,27,"2","Seoul","Friday 20"
"690","18:46",18,"Alaska","Korean Air",4546,55,"2","Seoul","Friday 20"
"691","18:14",18,"United","Lufthansa",4566,26,"2","Seoul","Friday 20"
"692","06:00",6,"United","Air Canada",5163,22,"2","Seoul","Friday 20"
"693","19:50",19,"United","Asiana",5301,52,"3","Seoul","Friday 20"
"694","19:50",19,"United","Asiana",5301,54,"3","Seoul","Friday 20"
"695","19:35",19,"United","Asiana",5308,52,"3","Seoul","Friday 20"
"696","07:00",7,"Delta","Korean Air",5380,32,"1","Seoul","Friday 20"
"697","16:12",16,"American","Qatar Airways",5578,35,"2","Seoul","Friday 20"
"698","17:22",17,"American","China Southern",5580,30,"2","Seoul","Friday 20"
"699","06:30",6,"United","Asiana",5700,25,"2","Seoul","Friday 20"
"700","09:01",9,"United","Asiana",5700,23,"2","Seoul","Friday 20"
"701","06:30",6,"United","Jeju Air",5957,24,"2","Seoul","Friday 20"
"702","06:30",6,"United","Jeju Air",5957,26,"2","Seoul","Friday 20"
"703","09:01",9,"United","Jeju Air",5957,23,"2","Seoul","Friday 20"
"704","06:30",6,"United","Asiana",5964,22,"2","Seoul","Friday 20"
"705","13:42",13,"United","Asiana",6111,25,"2","Seoul","Friday 20"
"706","14:50",14,"United","Asiana",6111,24,"2","Seoul","Friday 20"
"707","15:23",15,"United","Asiana",6111,23,"2","Seoul","Friday 20"
"708","15:23",15,"United","Asiana",6111,23,"2","Seoul","Friday 20"
"709","06:00",6,"United","Asiana",6339,21,"2","Seoul","Friday 20"
"710","06:00",6,"United","Asiana",6359,21,"2","Seoul","Friday 20"
"711","06:00",6,"United","Asiana",6400,26,"2","Seoul","Friday 20"
"712","07:00",7,"United","Asiana",6400,25,"2","Seoul","Friday 20"
"713","09:01",9,"United","Korean Air",6401,24,"2","Seoul","Friday 20"
"714","13:42",13,"United","Asiana",6746,24,"2","Seoul","Friday 20"
"715","07:00",7,"United","Asiana",6749,22,"2","Seoul","Friday 20"
"716","06:20",6,"Delta","Korean Air",7022,21,"1","Seoul","Friday 20"
"717","12:54",12,"American","Finnair",7984,33,"2","Seoul","Friday 20"
"718","18:46",18,"Alaska","EVA Air",8565,25,"2","Seoul","Friday 20"
"719","18:46",18,"Alaska","EVA Air",8565,33,"2","Seoul","Friday 20"
"720","18:46",18,"Alaska","Asiana",9047,32,"2","Seoul","Friday 20"
"721","21:35",21,"British Airways","Asiana",9406,30,"1","Seoul","Friday 20"
"722","21:35",21,"British Airways","Korean Air",11139,28,"1","Seoul","Friday 20"
"723","07:22",7,"Delta","Korean Air",16136,20,"1","Seoul","Friday 20"
"724","15:28",15,"Delta","Korean Air",16206,36,"1","Seoul","Friday 20"
"725","13:59",13,"DeltaKLM","Virgin Atlantic",1592,12,"1","Barcelona","Friday 20"
"726","15:28",15,"DeltaKLM","Virgin Atlantic",1692,11,"1","Barcelona","Friday 20"
"727","16:12",16,"American","American",1792,10,"1","Barcelona","Friday 20"
"728","16:01",16,"UnitedLufthansa","UnitedLufthansa",2056,10,"1","Barcelona","Friday 20"
"729","16:00",16,"Air Canada","Tap Air Portugal",1233,15,"2","Barcelona","Friday 20"
"730","05:00",5,"American","American",1258,22,"2","Barcelona","Friday 20"
"731","05:00",5,"American","American",1348,22,"2","Barcelona","Friday 20"
"732","20:08",20,"American","American",1348,30,"2","Barcelona","Friday 20"
"733","21:35",21,"British AirwaysAmerican","Finnair",1355,19,"1","Barcelona","Friday 20"
"734","06:00",6,"Delta","Delta",1592,20,"1","Barcelona","Friday 20"
"735","07:22",7,"Delta","Delta",1592,19,"1","Barcelona","Friday 20"
"736","07:50",7,"DeltaVirgin Atlantic","DeltaVirgin Atlantic",1592,18,"1","Barcelona","Friday 20"
"737","08:22",8,"American","Iberia",1592,22,"1","Barcelona","Friday 20"
"738","08:40",8,"Delta","Delta",1592,18,"1","Barcelona","Friday 20"
"739","10:42",10,"DeltaKLM","Virgin Atlantic",1592,15,"1","Barcelona","Friday 20"
"740","11:56",11,"DeltaKLM","Virgin Atlantic",1592,14,"1","Barcelona","Friday 20"
"741","21:35",21,"British AirwaysAmerican","Iberia",1605,16,"1","Barcelona","Friday 20"
"742","13:40",13,"Delta","Air France",1608,15,"2","Barcelona","Friday 20"
"743","13:40",13,"Delta","Air France",1608,18,"2","Barcelona","Friday 20"
"744","18:59",18,"Delta","Air France",1608,16,"2","Barcelona","Friday 20"
"745","11:14",11,"Delta","KLM",1614,17,"2","Barcelona","Friday 20"
"746","13:40",13,"Delta","KLM",1614,14,"2","Barcelona","Friday 20"
"747","20:08",20,"American","American",1624,30,"2","Barcelona","Friday 20"
"748","20:08",20,"American","American",1624,30,"2","Barcelona","Friday 20"
"749","13:59",13,"Delta","Air France",1708,15,"2","Barcelona","Friday 20"
"750","13:59",13,"Delta","Air France",1708,18,"2","Barcelona","Friday 20"
"751","18:07",18,"Delta","Air France",1708,13,"2","Barcelona","Friday 20"
"752","18:07",18,"Delta","Air France",1708,14,"2","Barcelona","Friday 20"
"753","18:07",18,"Delta","Air France",1708,16,"2","Barcelona","Friday 20"
"754","18:59",18,"Delta","Air France",1708,13,"2","Barcelona","Friday 20"
"755","18:59",18,"Delta","Air France",1708,16,"2","Barcelona","Friday 20"
"756","13:40",13,"Delta","KLM",1714,16,"2","Barcelona","Friday 20"
"757","13:40",13,"Delta","KLM",1714,16,"2","Barcelona","Friday 20"
"758","17:47",17,"Delta","KLM",1714,16,"2","Barcelona","Friday 20"
"759","11:27",11,"United","Air Canada",1742,16,"2","Barcelona","Friday 20"
"760","16:00",16,"Air Canada","Lufthansa",1761,17,"2","Barcelona","Friday 20"
"761","14:50",14,"United","Brussels Airlines",1767,17,"2","Barcelona","Friday 20"
"762","16:01",16,"United","Brussels Airlines",1767,16,"2","Barcelona","Friday 20"
"763","13:42",13,"United","Lufthansa",1780,16,"2","Barcelona","Friday 20"
"764","14:50",14,"United","Lufthansa",1780,15,"2","Barcelona","Friday 20"
"765","19:50",19,"United","Lufthansa",1780,13,"2","Barcelona","Friday 20"
"766","19:50",19,"United","Lufthansa",1780,15,"2","Barcelona","Friday 20"
"767","19:50",19,"United","Lufthansa",1780,17,"2","Barcelona","Friday 20"
"768","16:00",16,"Air Canada","Lufthansa",1780,17,"2","Barcelona","Friday 20"
"769","05:00",5,"American","American",1792,22,"2","Barcelona","Friday 20"
"770","05:00",5,"American","American",1792,22,"2","Barcelona","Friday 20"
"771","07:22",7,"American","American",1792,19,"2","Barcelona","Friday 20"
"772","07:25",7,"American","American",1792,19,"2","Barcelona","Friday 20"
"773","08:00",8,"American","American",1792,19,"1","Barcelona","Friday 20"
"774","11:05",11,"American","American",1792,15,"1","Barcelona","Friday 20"
"775","12:12",12,"American","American",1792,14,"2","Barcelona","Friday 20"
"776","12:12",12,"American","American",1792,14,"2","Barcelona","Friday 20"
"777","13:30",13,"American","American",1792,13,"2","Barcelona","Friday 20"
"778","07:45",7,"American","American",1798,19,"2","Barcelona","Friday 20"
"779","21:35",21,"British AirwaysAmerican","Iberia",1805,12,"1","Barcelona","Friday 20"
"780","05:50",5,"American","American",1815,21,"1","Barcelona","Friday 20"
"781","21:35",21,"British Airways","Iberia",1819,16,"2","Barcelona","Friday 20"
"782","07:00",7,"United","Turkish Airlines",2813,22,"2","Barcelona","Friday 20"
"783","07:30",7,"Delta","ITA",2855,21,"2","Barcelona","Friday 20"
"784","07:50",7,"Delta","ITA",2855,21,"2","Barcelona","Friday 20"
"785","11:56",11,"Delta","ITA",2855,16,"2","Barcelona","Friday 20"
"786","17:22",17,"American","Iberia",3026,13,"2","Barcelona","Friday 20"
"787","17:22",17,"American","Iberia",3026,15,"2","Barcelona","Friday 20"
"788","11:05",11,"American","British Airways",3029,18,"2","Barcelona","Friday 20"
"789","17:20",17,"American","IberiaBritish Airways",3212,13,"1","Barcelona","Friday 20"
"790","11:27",11,"United","Air Canada",3377,16,"2","Barcelona","Friday 20"
"791","13:42",13,"United","Air Canada",3377,14,"2","Barcelona","Friday 20"
"792","14:50",14,"United","Lufthansa",3396,14,"2","Barcelona","Friday 20"
"793","16:01",16,"United","Lufthansa",3415,14,"2","Barcelona","Friday 20"
"794","16:01",16,"United","Lufthansa",3415,15,"2","Barcelona","Friday 20"
"795","12:54",12,"American","IberiaFinnair",3810,37,"2","Barcelona","Friday 20"
"796","13:42",13,"United","Austrian",4517,24,"2","Barcelona","Friday 20"
"797","14:50",14,"United","Austrian",4517,22,"2","Barcelona","Friday 20"
"798","12:59",12,"Delta","Scandinavian Airlines",8285,23,"2","Barcelona","Friday 20"
"799","12:59",12,"Delta","Scandinavian Airlines",8299,47,"2","Barcelona","Friday 20"
"800","16:12",16,"American","Aer Lingus",1525,15,"2","Lyon","Friday 20"
"801","16:00",16,"Air CanadaLufthansa","Air CanadaLufthansa",1742,13,"2","Lyon","Friday 20"
"802","14:50",14,"United","Lufthansa",1760,13,"2","Lyon","Friday 20"
"803","19:35",19,"United","Air Canada",1161,33,"2","Lyon","Friday 20"
"804","19:35",19,"United","Air Canada",1161,33,"2","Lyon","Friday 20"
"805","21:35",21,"British Airways","British Airways",1549,30,"1","Lyon","Friday 20"
"806","09:45",9,"United","Air Canada",1721,19,"2","Lyon","Friday 20"
"807","10:22",10,"United","Air Canada",1721,18,"2","Lyon","Friday 20"
"808","11:27",11,"United","Air Canada",1721,17,"2","Lyon","Friday 20"
"809","11:27",11,"United","Air CanadaLufthansa",1721,17,"2","Lyon","Friday 20"
"810","13:42",13,"United","Air Canada",1721,15,"2","Lyon","Friday 20"
"811","06:00",6,"United","Air Canada",1722,23,"2","Lyon","Friday 20"
"812","06:00",6,"United","Air Canada",1722,23,"2","Lyon","Friday 20"
"813","10:22",10,"United","Air Canada",1722,18,"2","Lyon","Friday 20"
"814","06:00",6,"United","Air Dolomiti",1741,24,"2","Lyon","Friday 20"
"815","07:00",7,"United","Air Dolomiti",1741,23,"2","Lyon","Friday 20"
"816","11:27",11,"United","Air Dolomiti",1741,18,"2","Lyon","Friday 20"
"817","13:42",13,"United","Air DolomitiLufthansa",1741,16,"2","Lyon","Friday 20"
"818","16:00",16,"Air Canada","Lufthansa",1741,19,"2","Lyon","Friday 20"
"819","16:00",16,"Air Canada","Air DolomitiLufthansa",1742,14,"2","Lyon","Friday 20"
"820","10:22",10,"United","Lufthansa",1760,17,"2","Lyon","Friday 20"
"821","11:27",11,"United","Lufthansa",1760,16,"2","Lyon","Friday 20"
"822","13:42",13,"United","Lufthansa",1760,14,"2","Lyon","Friday 20"
"823","13:42",13,"United","Air Dolomiti",1760,18,"2","Lyon","Friday 20"
"824","13:42",13,"United","Air Dolomiti",1760,18,"2","Lyon","Friday 20"
"825","21:35",21,"British Airways","IberiaAmerican",1843,16,"2","Lyon","Friday 20"
"826","14:50",14,"United","Brussels Airlines",2062,45,"2","Lyon","Friday 20"
"827","10:22",10,"United","Aer Lingus",2290,18,"2","Lyon","Friday 20"
"828","10:53",10,"American","Aer Lingus",2290,17,"2","Lyon","Friday 20"
"829","10:57",10,"American","Aer Lingus",2290,17,"2","Lyon","Friday 20"
"830","11:05",11,"American","Aer Lingus",2290,17,"2","Lyon","Friday 20"
"831","11:27",11,"United","Aer Lingus",2290,16,"2","Lyon","Friday 20"
"832","13:42",13,"United","Aer Lingus",2290,14,"2","Lyon","Friday 20"
"833","13:42",13,"United","Aer Lingus",2323,18,"2","Lyon","Friday 20"
"834","13:42",13,"United","Aer Lingus",2323,18,"2","Lyon","Friday 20"
"835","14:50",14,"United","Aer Lingus",2323,17,"2","Lyon","Friday 20"
"836","15:12",15,"American","Aer Lingus",2323,16,"2","Lyon","Friday 20"
"837","07:00",7,"United","Turkish Airlines",2801,28,"2","Lyon","Friday 20"
"838","21:35",21,"British AirwaysIberia","Finnair",3025,13,"1","Lyon","Friday 20"
"839","11:05",11,"American","British Airways",3029,19,"2","Lyon","Friday 20"
"840","19:23",19,"American","British AirwaysIberia",3043,15,"2","Lyon","Friday 20"
"841","15:42",15,"American","British Airways",3189,18,"2","Lyon","Friday 20"
"842","17:20",17,"American","British Airways",3189,17,"2","Lyon","Friday 20"
"843","17:20",17,"American","British Airways",3189,17,"2","Lyon","Friday 20"
"844","20:08",20,"American","British Airways",3189,14,"2","Lyon","Friday 20"
"845","10:53",10,"American","Iberia",3225,19,"2","Lyon","Friday 20"
"846","13:30",13,"American","Iberia",3225,16,"2","Lyon","Friday 20"
"847","15:12",15,"American","Iberia",3225,14,"2","Lyon","Friday 20"
"848","19:35",19,"United","Air Canada",3228,33,"2","Lyon","Friday 20"
"849","15:12",15,"American","British Airways",3229,15,"2","Lyon","Friday 20"
"850","07:45",7,"American","Iberia",3239,22,"2","Lyon","Friday 20"
"851","13:30",13,"American","Iberia",3246,24,"2","Lyon","Friday 20"
"852","14:50",14,"United","Air DolomitiLufthansa",3451,15,"2","Lyon","Friday 20"
"853","13:42",13,"United","Lufthansa",3470,14,"2","Lyon","Friday 20"
"854","13:40",13,"Delta","KLM",3533,17,"2","Lyon","Friday 20"
"855","16:45",16,"Delta","KLM",3533,14,"2","Lyon","Friday 20"
"856","17:47",17,"Delta","KLM",3533,13,"2","Lyon","Friday 20"
"857","18:07",18,"Delta","Air France",3533,15,"2","Lyon","Friday 20"
"858","10:57",10,"American","Iberia",4275,18,"2","Lyon","Friday 20"
"859","11:27",11,"United","Austrian",4517,21,"2","Lyon","Friday 20"
"860","13:42",13,"United","Austrian",4517,19,"2","Lyon","Friday 20"
"861","14:50",14,"United","Brussels Airlines",5057,14,"2","Lyon","Friday 20"
"862","18:14",18,"United","Air Dolomiti",5075,32,"2","Lyon","Friday 20"
"863","10:22",10,"United","Austrian",5282,22,"2","Lyon","Friday 20"
"864","14:50",14,"United","Austrian",5282,18,"2","Lyon","Friday 20"
"865","16:00",16,"Air Canada","AccesRail",7147,16,"2","Lyon","Friday 20"
"866","16:00",16,"Air Canada","AccesRail",7147,19,"2","Lyon","Friday 20"
"867","16:00",16,"Air Canada","AccesRail",7147,38,"2","Lyon","Friday 20"
"868","11:56",11,"Delta","Air France",7961,15,"2","Lyon","Friday 20"
"869","11:56",11,"Delta","Air France",7961,15,"2","Lyon","Friday 20"
"870","11:56",11,"Delta","Air France",7961,17,"2","Lyon","Friday 20"
"871","18:59",18,"Delta","Air France",7961,15,"2","Lyon","Friday 20"
"872","11:56",11,"Delta","KLM",7967,19,"2","Lyon","Friday 20"
"873","11:56",11,"Delta","KLM",10217,19,"2","Lyon","Friday 20"
"874","13:42",13,"United","AccesRail",14341,18,"3","Lyon","Friday 20"
"875","13:42",13,"United","Lufthansa",1217,16,"5","Berlin","Friday 20"
"876","16:00",16,"Air Canada","LufthansaUnited",1255,15,"2","Berlin","Friday 20"
"877","11:27",11,"United","United",1369,14,"2","Berlin","Friday 20"
"878","21:35",21,"British AirwaysAmerican","Finnair",1760,11,"1","Berlin","Friday 20"
"879","06:00",6,"United","Lufthansa",1217,24,"5","Berlin","Friday 20"
"880","06:00",6,"United","Lufthansa",1217,26,"5","Berlin","Friday 20"
"881","06:00",6,"United","Lufthansa",1217,28,"5","Berlin","Friday 20"
"882","06:00",6,"United","Lufthansa",1217,30,"5","Berlin","Friday 20"
"883","06:00",6,"United","Lufthansa",1217,32,"5","Berlin","Friday 20"
"884","07:00",7,"United","Lufthansa",1217,23,"5","Berlin","Friday 20"
"885","07:00",7,"United","Lufthansa",1217,25,"5","Berlin","Friday 20"
"886","07:00",7,"United","Lufthansa",1217,27,"5","Berlin","Friday 20"
"887","07:00",7,"United","Lufthansa",1217,29,"5","Berlin","Friday 20"
"888","07:00",7,"United","Lufthansa",1217,31,"5","Berlin","Friday 20"
"889","13:42",13,"United","Lufthansa",1217,18,"5","Berlin","Friday 20"
"890","13:42",13,"United","Lufthansa",1217,20,"5","Berlin","Friday 20"
"891","13:42",13,"United","Lufthansa",1217,22,"5","Berlin","Friday 20"
"892","13:42",13,"United","Lufthansa",1217,24,"5","Berlin","Friday 20"
"893","13:42",13,"United","Lufthansa",1217,29,"5","Berlin","Friday 20"
"894","16:00",16,"Air Canada","Lufthansa",1218,20,"5","Berlin","Friday 20"
"895","16:00",16,"Air Canada","Lufthansa",1218,22,"5","Berlin","Friday 20"
"896","16:00",16,"Air Canada","Lufthansa",1218,26,"5","Berlin","Friday 20"
"897","16:00",16,"Air Canada","LufthansaUnited",1255,16,"2","Berlin","Friday 20"
"898","06:00",6,"United","United",1321,19,"2","Berlin","Friday 20"
"899","06:00",6,"United","United",1321,19,"2","Berlin","Friday 20"
"900","07:00",7,"United","United",1321,18,"2","Berlin","Friday 20"
"901","07:00",7,"United","United",1339,18,"2","Berlin","Friday 20"
"902","10:22",10,"United","United",1408,15,"2","Berlin","Friday 20"
"903","10:42",10,"Delta","KLM",1647,16,"2","Berlin","Friday 20"
"904","11:14",11,"Delta","KLM",1647,16,"2","Berlin","Friday 20"
"905","13:40",13,"Delta","KLM",1647,13,"2","Berlin","Friday 20"
"906","13:40",13,"Delta","KLM",1647,17,"2","Berlin","Friday 20"
"907","13:40",13,"Delta","KLM",1647,17,"2","Berlin","Friday 20"
"908","13:40",13,"Delta","KLM",1647,17,"2","Berlin","Friday 20"
"909","17:47",17,"Delta","KLM",1647,13,"2","Berlin","Friday 20"
"910","17:47",17,"Delta","KLM",1647,17,"2","Berlin","Friday 20"
"911","18:07",18,"Delta","KLM",1647,17,"2","Berlin","Friday 20"
"912","21:35",21,"British AirwaysAmerican","Finnair",1760,13,"1","Berlin","Friday 20"
"913","21:35",21,"British AirwaysAmerican","Finnair",1760,15,"1","Berlin","Friday 20"
"914","21:35",21,"British AirwaysAmerican","Finnair",1760,18,"1","Berlin","Friday 20"
"915","20:08",20,"American","British Airways",1765,16,"2","Berlin","Friday 20"
"916","06:00",6,"United","Lufthansa",1824,26,"5","Berlin","Friday 20"
"917","06:00",6,"United","Lufthansa",1824,28,"5","Berlin","Friday 20"
"918","06:00",6,"United","Lufthansa",1824,28,"5","Berlin","Friday 20"
"919","06:00",6,"United","Lufthansa",1824,30,"5","Berlin","Friday 20"
"920","06:00",6,"United","Lufthansa",1824,30,"5","Berlin","Friday 20"
"921","07:00",7,"United","Lufthansa",1824,27,"5","Berlin","Friday 20"
"922","07:00",7,"United","Lufthansa",1824,29,"5","Berlin","Friday 20"
"923","10:22",10,"United","Lufthansa",1824,22,"5","Berlin","Friday 20"
"924","10:22",10,"United","Lufthansa",1824,24,"5","Berlin","Friday 20"
"925","10:22",10,"United","Lufthansa",1824,26,"5","Berlin","Friday 20"
"926","10:22",10,"United","Lufthansa",1824,26,"5","Berlin","Friday 20"
"927","10:22",10,"United","Lufthansa",1824,28,"5","Berlin","Friday 20"
"928","10:22",10,"United","Lufthansa",1824,28,"5","Berlin","Friday 20"
"929","10:22",10,"United","Lufthansa",1824,32,"5","Berlin","Friday 20"
"930","10:22",10,"United","Lufthansa",1824,32,"5","Berlin","Friday 20"
"931","11:27",11,"United","Lufthansa",1824,19,"5","Berlin","Friday 20"
"932","11:27",11,"United","Lufthansa",1824,21,"5","Berlin","Friday 20"
"933","11:27",11,"United","Lufthansa",1824,23,"5","Berlin","Friday 20"
"934","11:27",11,"United","Lufthansa",1824,23,"5","Berlin","Friday 20"
"935","11:27",11,"United","Lufthansa",1824,25,"5","Berlin","Friday 20"
"936","11:27",11,"United","Lufthansa",1824,25,"5","Berlin","Friday 20"
"937","11:27",11,"United","Lufthansa",1824,27,"5","Berlin","Friday 20"
"938","11:27",11,"United","Lufthansa",1824,27,"5","Berlin","Friday 20"
"939","11:27",11,"United","Lufthansa",1824,31,"5","Berlin","Friday 20"
"940","11:27",11,"United","Lufthansa",1824,31,"5","Berlin","Friday 20"
"941","13:42",13,"United","Lufthansa",1824,20,"5","Berlin","Friday 20"
"942","13:42",13,"United","Lufthansa",1824,22,"5","Berlin","Friday 20"
"943","13:42",13,"United","Lufthansa",1824,24,"5","Berlin","Friday 20"
"944","13:42",13,"United","Lufthansa",1824,29,"5","Berlin","Friday 20"
"945","14:50",14,"United","Lufthansa",1824,17,"5","Berlin","Friday 20"
"946","14:50",14,"United","Lufthansa",1824,19,"5","Berlin","Friday 20"
"947","14:50",14,"United","Lufthansa",1824,21,"5","Berlin","Friday 20"
"948","14:50",14,"United","Lufthansa",1824,21,"5","Berlin","Friday 20"
"949","14:50",14,"United","Lufthansa",1824,23,"5","Berlin","Friday 20"
"950","14:50",14,"United","Lufthansa",1824,23,"5","Berlin","Friday 20"
"951","14:50",14,"United","Lufthansa",1824,27,"5","Berlin","Friday 20"
"952","14:50",14,"United","Lufthansa",1824,27,"5","Berlin","Friday 20"
"953","18:14",18,"United","Lufthansa",1824,20,"5","Berlin","Friday 20"
"954","19:50",19,"United","Lufthansa",1824,16,"5","Berlin","Friday 20"
"955","19:50",19,"United","Lufthansa",1824,18,"5","Berlin","Friday 20"
"956","19:50",19,"United","Lufthansa",1824,22,"5","Berlin","Friday 20"
"957","19:50",19,"United","Lufthansa",1824,34,"5","Berlin","Friday 20"
"958","19:50",19,"United","Lufthansa",1824,36,"5","Berlin","Friday 20"
"959","09:45",9,"United","United",1825,16,"1","Berlin","Friday 20"
"960","06:00",6,"United","United",1830,19,"2","Berlin","Friday 20"
"961","06:00",6,"United","United",1830,19,"2","Berlin","Friday 20"
"962","06:00",6,"United","United",1830,19,"2","Berlin","Friday 20"
"963","07:00",7,"United","United",1830,18,"2","Berlin","Friday 20"
"964","13:42",13,"United","Lufthansa",1843,16,"2","Berlin","Friday 20"
"965","16:00",16,"Air Canada","Lufthansa",1844,14,"2","Berlin","Friday 20"
"966","16:00",16,"Air Canada","Lufthansa",1845,16,"2","Berlin","Friday 20"
"967","10:22",10,"United","Brussels Airlines",1849,18,"2","Berlin","Friday 20"
"968","14:50",14,"United","Brussels Airlines",1849,14,"2","Berlin","Friday 20"
"969","14:50",14,"United","Brussels Airlines",1849,25,"2","Berlin","Friday 20"
"970","16:01",16,"United","Brussels Airlines",1849,13,"2","Berlin","Friday 20"
"971","11:27",11,"United","Lufthansa",1862,15,"2","Berlin","Friday 20"
"972","11:27",11,"United","Lufthansa",1862,16,"2","Berlin","Friday 20"
"973","13:42",13,"United","Lufthansa",1862,13,"2","Berlin","Friday 20"
"974","13:42",13,"United","Lufthansa",1862,14,"2","Berlin","Friday 20"
"975","14:50",14,"United","Lufthansa",1862,13,"2","Berlin","Friday 20"
"976","14:50",14,"United","Lufthansa",1862,14,"2","Berlin","Friday 20"
"977","14:50",14,"United","Lufthansa",1862,15,"2","Berlin","Friday 20"
"978","19:50",19,"United","Lufthansa",1862,13,"2","Berlin","Friday 20"
"979","19:50",19,"United","Lufthansa",1862,15,"2","Berlin","Friday 20"
"980","14:50",14,"United","Brussels Airlines",1865,25,"3","Berlin","Friday 20"
"981","07:00",7,"United","Turkish Airlines",2800,20,"2","Berlin","Friday 20"
"982","17:22",17,"American","Iberia",3055,19,"2","Berlin","Friday 20"
"983","13:30",13,"American","Iberia",3255,15,"2","Berlin","Friday 20"
"984","11:05",11,"American","British Airways",3260,17,"2","Berlin","Friday 20"
"985","19:23",19,"American","British Airways",3260,15,"2","Berlin","Friday 20"
"986","16:01",16,"United","Lufthansa",3432,18,"5","Berlin","Friday 20"
"987","18:14",18,"United","Lufthansa",3432,36,"5","Berlin","Friday 20"
"988","16:00",16,"Air Canada","SWISS",3452,16,"2","Berlin","Friday 20"
"989","21:35",21,"British Airways","Finnair",3553,28,"2","Berlin","Friday 20"
"990","21:35",21,"British Airways","Finnair",3553,28,"2","Berlin","Friday 20"
"991","21:35",21,"British Airways","Finnair",3553,28,"2","Berlin","Friday 20"
"992","10:57",10,"American","Iberia",4308,17,"2","Berlin","Friday 20"
"993","10:22",10,"United","Austrian",4517,18,"2","Berlin","Friday 20"
"994","11:27",11,"United","Austrian",4517,17,"2","Berlin","Friday 20"
"995","13:42",13,"United","Austrian",4517,14,"2","Berlin","Friday 20"
"996","14:50",14,"United","Austrian",4517,13,"2","Berlin","Friday 20"
"997","14:50",14,"United","Austrian",4517,17,"2","Berlin","Friday 20"
"998","19:50",19,"United","Lufthansa",4833,36,"5","Berlin","Friday 20"
"999","19:50",19,"United","Lufthansa",5057,36,"5","Berlin","Friday 20"
